plate,state,license_type,summons_number,issue_date,violation_time,violation,judgment_entry_date,fine_amount,penalty_amount,interest_amount,reduction_amount,payment_amount,amount_due,precinct,borough,issuing_agency,violation_status,summons_image,weekday,year,month,day,address,latitude,longitude
HUY7154,NY,PAS,8897734595,2020-07-17,06:54A,NO STANDING-DAY/TIME LIMITS,NA,115,0,0,115,0,0,001,Manhattan,TRAFFIC,HEARING HELD-NOT GUILTY,View Summons (http://nycserv.nyc.gov/NYCServWeb/ShowImage?searchID=VDBSbk5VNTZZM3BPUkZVMVRsRTlQUT09&locationName=_____________________),Friday,2020,7,17,"W Rutgers St ,  30ft N/of South St , NY",40.7123195,-73.9894115
KPP2110,NY,PAS,8767591711,2020-10-12,11:09P,DOUBLE PARKING,NA,115,0,0,0,0,115,042,Bronx,TRAFFIC,HEARING HELD-GUILTY,View Summons (http://nycserv.nyc.gov/NYCServWeb/ShowImage?searchID=VDBSak1rNTZWVFZOVkdONFRWRTlQUT09&locationName=_____________________),Monday,2020,10,12,"970 Tinton Ave ,   , NY",40.8232755,-73.9025008
KNJ9289,NY,PAS,8980625844,2020-08-18,11:46A,NO PARKING-STREET CLEANING,NA,65,0,0,0,0,65,066,Brooklyn,TRAFFIC,HEARING PENDING,View Summons (http://nycserv.nyc.gov/NYCServWeb/ShowImage?searchID=VDBSck5FMUVXWGxPVkdjd1RrRTlQUT09&locationName=_____________________),Tuesday,2020,8,18,"399 Ocean Pky ,   , NY",40.6391986,-73.9726263
JNA1685,NY,PAS,8901655238,2020-07-29,08:30A,NO PARKING-STREET CLEANING,NA,65,0,0,0,0,65,090,Brooklyn,TRAFFIC,HEARING PENDING,View Summons (http://nycserv.nyc.gov/NYCServWeb/ShowImage?searchID=VDBScmQwMVVXVEZPVkVsNlQwRTlQUT09&locationName=_____________________),Wednesday,2020,7,29,"320 Wythe Ave ,   , NY",40.7153872,-73.964833
JPV2693,NY,PAS,8968194713,2020-10-07,09:16P,FIRE HYDRANT,NA,115,0,0,0,0,115,052,Bronx,TRAFFIC,HEARING PENDING,View Summons (http://nycserv.nyc.gov/NYCServWeb/ShowImage?searchID=VDBSck1rOUVSVFZPUkdONFRYYzlQUT09&locationName=_____________________),Wednesday,2020,10,7,"3200 Decatur Ave ,   , NY",40.8737152,-73.8753985
KEK8512,NY,PAS,8952833211,2020-08-05,02:58P,FAIL TO DSPLY MUNI METER RECPT,NA,35,0,0,0,0,35,028,Manhattan,TRAFFIC,HEARING HELD-GUILTY,View Summons (http://nycserv.nyc.gov/NYCServWeb/ShowImage?searchID=VDBSck1VMXFaM3BOZWtsNFRWRTlQUT09&locationName=_____________________),Wednesday,2020,8,5,"321 St Nicholas Ave ,   , NY",40.8113529,-73.9525831
HPY1775,NY,PAS,8919174489,2020-07-20,12:18P,REG. STICKER-EXPIRED/MISSING,NA,65,0,0,0,0,65,006,Manhattan,TRAFFIC,HEARING PENDING,View Summons (http://nycserv.nyc.gov/NYCServWeb/ShowImage?searchID=VDBScmVFOVVSVE5PUkZFMFQxRTlQUT09&locationName=_____________________),Monday,2020,7,20,"18 W 8th St ,   , NY",40.7325827,-73.997488
KEK4046,NY,PAS,1466171420,2020-09-15,11:25A,NO STANDING-EXC. AUTH. VEHICLE,NA,95,0,0,0,0,95,084,Brooklyn,OTHER/UNKNOWN AGENCIES,HEARING PENDING,View Summons (http://nycserv.nyc.gov/NYCServWeb/ShowImage?searchID=VFZSUk1rNXFSVE5OVkZGNVRVRTlQUT09&locationName=_____________________),Tuesday,2020,9,15,"333 ADAMS ST ,   , NY",40.6939613,-73.9880585
KHH5665,NY,PAS,8950039382,2020-07-22,08:24P,FAIL TO DSPLY MUNI METER RECPT,NA,65,0,0,0,0,65,020,Manhattan,TRAFFIC,HEARING PENDING,View Summons (http://nycserv.nyc.gov/NYCServWeb/ShowImage?searchID=VDBSck1VMUVRWHBQVkUwMFRXYzlQUT09&locationName=_____________________),Wednesday,2020,7,22,"2310 Broadway ,   , NY",40.7866902,-73.9774525
JPP3885,NY,PAS,8873165620,2020-10-07,02:06P,EXPIRED MUNI METER,NA,35,0,0,0,0,35,114,Queens,TRAFFIC,HEARING PENDING,View Summons (http://nycserv.nyc.gov/NYCServWeb/ShowImage?searchID=VDBSbk0wMTZSVEpPVkZsNVRVRTlQUT09&locationName=_____________________),Wednesday,2020,10,7,"31-72 31st St ,   , NY",40.7626568,-73.9251896
JRW6008,NY,PAS,8978673077,2020-06-28,03:19P,REG. STICKER-EXPIRED/MISSING,NA,65,0,0,0,0,65,063,Brooklyn,TRAFFIC,HEARING PENDING,View Summons (http://nycserv.nyc.gov/NYCServWeb/ShowImage?searchID=VDBSck0wOUVXVE5OZWtFelRuYzlQUT09&locationName=_____________________),Sunday,2020,6,28,"1900 Bergen Ave ,   , NY",40.6254394,-73.9090678
JGM8126,NY,PAS,8981867550,2020-07-25,02:49P,REG. STICKER-EXPIRED/MISSING,NA,65,0,0,0,0,65,067,Brooklyn,TRAFFIC,HEARING PENDING,View Summons (http://nycserv.nyc.gov/NYCServWeb/ShowImage?searchID=VDBSck5FMVVaekpPZWxVeFRVRTlQUT09&locationName=_____________________),Saturday,2020,7,25,"2723 Church Ave ,   , NY",40.6509708,-73.9516646
JGA5681,NY,PAS,8993363158,2020-07-08,04:14P,INSP. STICKER-EXPIRED/MISSING,NA,65,0,0,0,65,0,094,Brooklyn,TRAFFIC,HEARING HELD-GUILTY,View Summons (http://nycserv.nyc.gov/NYCServWeb/ShowImage?searchID=VDBSck5VMTZUVEpOZWtVeFQwRTlQUT09&locationName=_____________________),Wednesday,2020,7,8,"166 Berry St ,   , NY",40.717233,-73.960674
JKD3895,NY,PAS,8990240268,2020-07-15,01:13P,REG. STICKER-EXPIRED/MISSING,NA,65,0,0,0,65,0,079,Brooklyn,TRAFFIC,HEARING HELD-GUILTY,View Summons (http://nycserv.nyc.gov/NYCServWeb/ShowImage?searchID=VDBSck5VMUVTVEJOUkVreVQwRTlQUT09&locationName=_____________________),Wednesday,2020,7,15,"542 Madison St ,   , NY",40.6861797,-73.936416
KHA5626,NY,PAS,8989474073,2020-07-23,01:20P,DOUBLE PARKING,NA,115,0,0,0,0,115,079,Brooklyn,TRAFFIC,HEARING PENDING,View Summons (http://nycserv.nyc.gov/NYCServWeb/ShowImage?searchID=VDBSck5FOVVVVE5PUkVFelRYYzlQUT09&locationName=_____________________),Thursday,2020,7,23,"48 Clifton Pl ,   , NY",40.6876229,-73.9629149
JLD9155,NY,PAS,8990132976,2020-08-02,12:12P,INSP. STICKER-EXPIRED/MISSING,NA,65,0,0,0,0,65,088,Brooklyn,TRAFFIC,HEARING PENDING,View Summons (http://nycserv.nyc.gov/NYCServWeb/ShowImage?searchID=VDBSck5VMUVSWHBOYW1zelRtYzlQUT09&locationName=_____________________),Sunday,2020,8,2,"40 Gates Ave ,   , NY",40.684237,-73.966817700000007
KHF8023,NY,PAS,8991478840,2020-09-23,01:01P,NO STOPPING-DAY/TIME LIMITS,NA,115,0,0,0,0,115,084,Brooklyn,TRAFFIC,HEARING PENDING,View Summons (http://nycserv.nyc.gov/NYCServWeb/ShowImage?searchID=VDBSck5VMVVVVE5QUkdjd1RVRTlQUT09&locationName=_____________________),Wednesday,2020,9,23,"102 Jay St ,   , NY",40.7021316,-73.9869497
JGX6282,NY,PAS,8917214241,2020-08-06,11:29A,NO PARKING-STREET CLEANING,NA,65,0,0,0,0,65,009,Manhattan,TRAFFIC,HEARING PENDING,View Summons (http://nycserv.nyc.gov/NYCServWeb/ShowImage?searchID=VDBScmVFNTZTWGhPUkVrd1RWRTlQUT09&locationName=_____________________),Thursday,2020,8,6,"246 E 4th St ,   , NY",40.7230163,-73.9822869
FEH3958,NY,PAS,1482393359,2020-09-03,11:44P,FIRE HYDRANT,NA,115,0,0,0,0,115,105,Queens,POLICE DEPARTMENT,HEARING PENDING,View Summons (http://nycserv.nyc.gov/NYCServWeb/ShowImage?searchID=VFZSUk5FMXFUVFZOZWsweFQxRTlQUT09&locationName=_____________________),Thursday,2020,9,3,"208-21 HOLLIS AVE ,   , NY",40.708409,-73.748871
HKN4731,NY,PAS,1480369949,2020-06-22,11:03A,NO PARKING-STREET CLEANING,NA,65,0,0,65,0,0,013,Manhattan,OTHER/UNKNOWN AGENCIES,HEARING HELD-NOT GUILTY,View Summons (http://nycserv.nyc.gov/NYCServWeb/ShowImage?searchID=VFZSUk5FMUVUVEpQVkdzd1QxRTlQUT09&locationName=_____________________),Monday,2020,6,22,"271 AVENUE C ,   , NY",40.7297436,-73.9752748
JPV2790,NY,PAS,8918485128,2020-09-14,01:00P,INSP. STICKER-EXPIRED/MISSING,NA,65,0,0,0,0,65,009,Manhattan,TRAFFIC,HEARING PENDING,View Summons (http://nycserv.nyc.gov/NYCServWeb/ShowImage?searchID=VDBScmVFOUVVVFJPVkVWNVQwRTlQUT09&locationName=_____________________),Monday,2020,9,14,"116 Crosby St ,   , NY",40.7243404,-73.996694
KRG7717,NY,PAS,8864945970,2020-10-14,08:36A,REG. STICKER-EXPIRED/MISSING,NA,65,0,0,0,0,65,115,Queens,TRAFFIC,HEARING PENDING,View Summons (http://nycserv.nyc.gov/NYCServWeb/ShowImage?searchID=VDBSbk1rNUVhekJPVkdzelRVRTlQUT09&locationName=_____________________),Wednesday,2020,10,14,"112-39 38th Ave ,   , NY",40.7658609,-73.9145127
JFC4289,NY,PAS,8830435727,2020-07-09,10:06A,INSP. STICKER-EXPIRED/MISSING,NA,65,0,0,0,0,65,120,Staten Island,TRAFFIC,HEARING PENDING,View Summons (http://nycserv.nyc.gov/NYCServWeb/ShowImage?searchID=VDBSbmVrMUVVWHBPVkdONVRuYzlQUT09&locationName=_____________________),Thursday,2020,7,9,"67 Warren St ,   , NY",40.7496184,-73.8704785
CWU2310,NY,PAS,4753153939,2020-10-20,06:43P,PHTO SCHOOL ZN SPEED VIOLATION,NA,50,0,0,0,50,0,000,Bronx,DEPARTMENT OF TRANSPORTATION,HEARING HELD-GUILTY,View Summons (http://nycserv.nyc.gov/NYCServWeb/ShowImage?searchID=VGtSak1VMTZSVEZOZW10NlQxRTlQUT09&locationName=_____________________),Tuesday,2020,10,20,"0 EB CROSS BRONX EXPWY ,  EXT. @ LAFAYETTE AV , NY",40.8265591,-73.831644
KRU7851,NY,PAS,8984682603,2020-10-11,01:24P,FAIL TO DSPLY MUNI METER RECPT,NA,35,0,0,35,0,0,070,Brooklyn,TRAFFIC,HEARING HELD-NOT GUILTY,View Summons (http://nycserv.nyc.gov/NYCServWeb/ShowImage?searchID=VDBSck5FNUVXVFJOYWxsM1RYYzlQUT09&locationName=_____________________),Sunday,2020,10,11,"1906 Avenue M ,   , NY",40.6181993,-73.9558893
KSC7101,NY,PAS,8862723039,2020-10-22,06:28A,SIDEWALK,NA,115,0,0,0,0,115,113,Queens,TRAFFIC,HEARING PENDING,View Summons (http://nycserv.nyc.gov/NYCServWeb/ShowImage?searchID=VDBSbk1rMXFZM2xOZWtGNlQxRTlQUT09&locationName=_____________________),Thursday,2020,10,22,"116-48 169th St ,   , NY",40.6863941,-73.7780865
HZR6359,NY,PAS,2002896793,2020-07-22,01:39A,NO PARKING-STREET CLEANING,NA,65,0,0,0,0,65,040,Bronx,DEPARTMENT OF SANITATION,HEARING PENDING,View Summons (http://nycserv.nyc.gov/NYCServWeb/ShowImage?searchID=VFdwQmQwMXFaelZPYW1NMVRYYzlQUT09&locationName=_____________________),Wednesday,2020,7,22,"211 EAST 141 STREET ,   , NY",40.8150361,-73.9271448
JKX2470,NY,PAS,8958485073,2020-07-03,06:51A,FIRE HYDRANT,NA,115,0,0,0,0,115,044,Bronx,TRAFFIC,HEARING HELD-GUILTY,View Summons (http://nycserv.nyc.gov/NYCServWeb/ShowImage?searchID=VDBSck1VOUVVVFJPVkVFelRYYzlQUT09&locationName=_____________________),Friday,2020,7,3,"W Sheridan Ave ,  15ft N/of E 172nd St , NY",40.8347017,-73.9160874
JMJ1993,NY,PAS,8987546354,2020-10-17,08:35A,FIRE HYDRANT,NA,115,0,0,0,0,115,081,Brooklyn,TRAFFIC,HEARING PENDING,View Summons (http://nycserv.nyc.gov/NYCServWeb/ShowImage?searchID=VDBSck5FNTZWVEJPYWsweFRrRTlQUT09&locationName=_____________________),Saturday,2020,10,17,"165 Malcolm X Blvd ,   , NY",40.6875906,-73.9298041
KGS4200,NY,PAS,8953385088,2020-08-04,01:42P,INSP. STICKER-EXPIRED/MISSING,NA,65,0,0,0,0,65,026,Manhattan,TRAFFIC,HEARING PENDING,View Summons (http://nycserv.nyc.gov/NYCServWeb/ShowImage?searchID=VDBSck1VMTZUVFJPVkVFMFQwRTlQUT09&locationName=_____________________),Tuesday,2020,8,4,"18 W 125th St ,   , NY",40.8066823,-73.9432405
JCJ6240,NY,PAS,8830835341,2020-09-15,09:13A,REG. STICKER-EXPIRED/MISSING,NA,65,0,0,0,0,65,109,Queens,TRAFFIC,HEARING PENDING,View Summons (http://nycserv.nyc.gov/NYCServWeb/ShowImage?searchID=VDBSbmVrMUVaM3BPVkUwd1RWRTlQUT09&locationName=_____________________),Tuesday,2020,9,15,"132-54 Pople Ave ,   , NY",40.7535407,-73.8306491
JKK9154,NY,PAS,8911560479,2020-07-23,03:43P,NO STANDING-COMM METER ZONE,NA,115,0,0,0,0,115,013,Manhattan,TRAFFIC,HEARING PENDING,View Summons (http://nycserv.nyc.gov/NYCServWeb/ShowImage?searchID=VDBScmVFMVVWVEpOUkZFelQxRTlQUT09&locationName=_____________________),Thursday,2020,7,23,"50 W 20th St ,   , NY",40.7406897,-73.9936907
KLV8249,NY,PAS,8950530417,2020-08-14,10:03A,FAIL TO DSPLY MUNI METER RECPT,NA,35,0,0,0,0,35,026,Manhattan,TRAFFIC,HEARING ADJOURNMENT,View Summons (http://nycserv.nyc.gov/NYCServWeb/ShowImage?searchID=VDBSck1VMUVWWHBOUkZGNFRuYzlQUT09&locationName=_____________________),Friday,2020,8,14,"1453 Amsterdam Ave ,   , NY",40.8166856,-73.9535415
DCU5057,NY,PAS,8952939517,2020-08-15,04:59P,NO MATCH-PLATE/STICKER,NA,65,0,0,0,0,65,019,Manhattan,TRAFFIC,HEARING ADJOURNMENT,View Summons (http://nycserv.nyc.gov/NYCServWeb/ShowImage?searchID=VDBSck1VMXFhM3BQVkZWNFRuYzlQUT09&locationName=_____________________),Saturday,2020,8,15,"E 5th Ave ,  10ft N/of E 61st St , NY",40.7744146,-73.9656177
JLV2820,NY,PAS,8836822113,2020-07-08,02:20P,FIRE HYDRANT,NA,115,0,0,0,0,115,114,Queens,TRAFFIC,HEARING PENDING,View Summons (http://nycserv.nyc.gov/NYCServWeb/ShowImage?searchID=VDBSbmVrNXFaM2xOYWtWNFRYYzlQUT09&locationName=_____________________),Wednesday,2020,7,8,"3232 49th St ,   , NY",40.7549036,-73.9127677
KSJ2102,NY,PAS,8958328551,2020-10-18,11:01A,INSP. STICKER-EXPIRED/MISSING,NA,65,0,0,0,0,65,048,Bronx,TRAFFIC,HEARING PENDING,View Summons (http://nycserv.nyc.gov/NYCServWeb/ShowImage?searchID=VDBSck1VOUVUWGxQUkZVeFRWRTlQUT09&locationName=_____________________),Sunday,2020,10,18,"W Quarry Rd ,  2ft N/of E 181st St , NY",40.8506262,-73.8913504
JPD4161,NY,PAS,8994943651,2020-09-23,11:37A,NO PARKING-STREET CLEANING,NA,65,0,0,0,0,65,083,Brooklyn,TRAFFIC,HEARING PENDING,View Summons (http://nycserv.nyc.gov/NYCServWeb/ShowImage?searchID=VDBSck5VNUVhekJOZWxreFRWRTlQUT09&locationName=_____________________),Wednesday,2020,9,23,"1485 Menahan St ,   , NY",40.704564,-73.910655
KNE9270,NY,PAS,8969906289,2020-10-22,08:09A,NO STANDING-DAY/TIME LIMITS,NA,115,0,0,0,0,115,043,Bronx,TRAFFIC,HEARING PENDING,View Summons (http://nycserv.nyc.gov/NYCServWeb/ShowImage?searchID=VDBSck1rOVVhM2RPYWtrMFQxRTlQUT09&locationName=_____________________),Thursday,2020,10,22,"825 Boynton Ave ,   , NY",40.8202213,-73.8766128
KKF7022,NY,PAS,8968527453,2020-07-01,01:37A,FIRE HYDRANT,NA,115,0,0,0,0,115,052,Bronx,TRAFFIC,HEARING PENDING,View Summons (http://nycserv.nyc.gov/NYCServWeb/ShowImage?searchID=VDBSck1rOUVWWGxPZWxFeFRYYzlQUT09&locationName=_____________________),Wednesday,2020,7,1,"335 E 205th St ,   , NY",40.873818,-73.876309
HYB3668,NY,PAS,8993367425,2020-08-17,02:55P,INSP. STICKER-EXPIRED/MISSING,NA,65,0,0,0,0,65,081,Brooklyn,TRAFFIC,HEARING PENDING,View Summons (http://nycserv.nyc.gov/NYCServWeb/ShowImage?searchID=VDBSck5VMTZUVEpPZWxGNVRsRTlQUT09&locationName=_____________________),Monday,2020,8,17,"1158 Dekalb Ave ,   , NY",40.6946668,-73.9285193
FFZ1492,NY,PAS,8889097024,2020-10-20,08:43A,INSP. STICKER-EXPIRED/MISSING,NA,65,0,0,0,0,65,114,Queens,TRAFFIC,HEARING PENDING,View Summons (http://nycserv.nyc.gov/NYCServWeb/ShowImage?searchID=VDBSbk5FOVVRVFZPZWtGNVRrRTlQUT09&locationName=_____________________),Tuesday,2020,10,20,"0 Steinway Lot #1 ,   , NY",40.774418,-73.90371
KKN6348,NY,PAS,8967886731,2020-10-12,01:35P,DOUBLE PARKING,NA,115,0,0,0,0,115,044,Bronx,TRAFFIC,HEARING PENDING,View Summons (http://nycserv.nyc.gov/NYCServWeb/ShowImage?searchID=VDBSck1rNTZaelJPYW1ONlRWRTlQUT09&locationName=_____________________),Monday,2020,10,12,"1709 Jerome Ave ,   , NY",40.8473492,-73.9129726
KJL3014,NY,PAS,8987870108,2020-06-29,03:12P,FAIL TO DSPLY MUNI METER RECPT,NA,35,0,0,0,0,35,084,Brooklyn,TRAFFIC,HEARING PENDING,View Summons (http://nycserv.nyc.gov/NYCServWeb/ShowImage?searchID=VDBSck5FNTZaek5OUkVWM1QwRTlQUT09&locationName=_____________________),Monday,2020,6,29,"70 Washington St ,   , NY",40.7020349,-73.9899069
KJK9401,NY,PAS,8622187287,2020-08-24,01:27P,DOUBLE PARKING,NA,115,0,0,0,0,115,108,Queens,TRAFFIC,HEARING PENDING,View Summons (http://nycserv.nyc.gov/NYCServWeb/ShowImage?searchID=VDBSWmVVMXFSVFJPZWtrMFRuYzlQUT09&locationName=_____________________),Monday,2020,8,24,"23-01 Borden Ave ,   , NY",40.7401014,-73.9473314
JGG9821,NY,PAS,8828446638,2020-07-24,07:59A,NO STANDING-DAY/TIME LIMITS,NA,115,0,0,115,0,0,040,Bronx,TRAFFIC,HEARING HELD-NOT GUILTY,View Summons (http://nycserv.nyc.gov/NYCServWeb/ShowImage?searchID=VDBSbmVVOUVVVEJPYWxsNlQwRTlQUT09&locationName=_____________________),Friday,2020,7,24,"205 Alexander Ave ,   , NY",42.8308564,-73.9751746
HSE9112,NY,PAS,8880728039,2020-06-28,02:48P,REG. STICKER-EXPIRED/MISSING,NA,65,0,0,0,0,65,105,Queens,TRAFFIC,HEARING PENDING,View Summons (http://nycserv.nyc.gov/NYCServWeb/ShowImage?searchID=VDBSbk5FMUVZM2xQUkVGNlQxRTlQUT09&locationName=_____________________),Sunday,2020,6,28,"216-16 Jamaica Ave ,   , NY",40.718539,-73.739897
JKV4634,NY,PAS,1472252482,2020-07-25,01:00A,PEDESTRIAN RAMP,NA,165,0,0,0,165,0,112,Queens,POLICE DEPARTMENT,HEARING HELD-GUILTY,View Summons (http://nycserv.nyc.gov/NYCServWeb/ShowImage?searchID=VFZSUk0wMXFTVEZOYWxFMFRXYzlQUT09&locationName=_____________________),Saturday,2020,7,25,"102-10 66 RD ,   , NY",40.7282586,-73.8513251
FDE5262,NY,PAS,8867878967,2020-08-07,01:03A,NO STANDING-DAY/TIME LIMITS,NA,115,0,0,0,15,100,103,Queens,TRAFFIC,HEARING PENDING,View Summons (http://nycserv.nyc.gov/NYCServWeb/ShowImage?searchID=VDBSbk1rNTZaek5QUkdzeVRuYzlQUT09&locationName=_____________________),Friday,2020,8,7,"90-11 160th St ,   , NY",40.7048944,-73.7997
AEX2925,NY,PAS,8982477913,2020-07-21,12:02P,FAIL TO DSPLY MUNI METER RECPT,NA,35,0,0,35,0,0,066,Brooklyn,TRAFFIC,HEARING HELD-NOT GUILTY,View Summons (http://nycserv.nyc.gov/NYCServWeb/ShowImage?searchID=VDBSck5FMXFVVE5PZW10NFRYYzlQUT09&locationName=_____________________),Tuesday,2020,7,21,"4605 18th Ave ,   , NY",40.629563,-73.9789855
KEN5006,NY,PAS,8693648883,2020-10-13,03:04P,NO STANDING-EXC. AUTH. VEHICLE,NA,95,0,0,0,0,95,046,Bronx,TRAFFIC,HEARING PENDING,View Summons (http://nycserv.nyc.gov/NYCServWeb/ShowImage?searchID=VDBSWk5VMTZXVEJQUkdjMFRYYzlQUT09&locationName=_____________________),Tuesday,2020,10,13,"1700 Harrison Ave ,   , NY",40.8490642,-73.9143707
HJE1463,NY,PAS,4745626836,2020-08-23,12:17P,PHTO SCHOOL ZN SPEED VIOLATION,NA,50,25,0,0,0,75,000,Brooklyn,DEPARTMENT OF TRANSPORTATION,HEARING PENDING,View Summons (http://nycserv.nyc.gov/NYCServWeb/ShowImage?searchID=VGtSak1FNVVXWGxPYW1kNlRtYzlQUT09&locationName=_____________________),Sunday,2020,8,23,"0 EB ATLANTIC AVE @ ES ,  SEX ST , NY",40.678467,-73.882393
HDY3092,NY,PAS,8960717617,2020-07-12,09:19A,INSP. STICKER-EXPIRED/MISSING,NA,65,0,0,0,0,65,046,Bronx,TRAFFIC,HEARING PENDING,View Summons (http://nycserv.nyc.gov/NYCServWeb/ShowImage?searchID=VDBSck1rMUVZM2hPZWxsNFRuYzlQUT09&locationName=_____________________),Sunday,2020,7,12,"203 E 175th St ,   , NY",40.8469664,-73.9071186
KFL7902,NY,PAS,8914026358,2020-10-13,07:44A,INSP. STICKER-EXPIRED/MISSING,NA,65,0,0,0,0,65,013,Manhattan,TRAFFIC,HEARING PENDING,View Summons (http://nycserv.nyc.gov/NYCServWeb/ShowImage?searchID=VDBScmVFNUVRWGxPYWsweFQwRTlQUT09&locationName=_____________________),Tuesday,2020,10,13,"W Lexington Ave ,  30ft N/of E 23rd St , NY",40.773008,-73.96032
KHU9654,NY,PAS,8987848486,2020-10-26,03:07P,NO STANDING-EXC. AUTH. VEHICLE,NA,95,0,0,0,0,95,084,Brooklyn,TRAFFIC,HEARING PENDING,View Summons (http://nycserv.nyc.gov/NYCServWeb/ShowImage?searchID=VDBSck5FNTZaekJQUkZFMFRtYzlQUT09&locationName=_____________________),Monday,2020,10,26,"186 Montague St ,   , NY",40.6938159,-73.9916863
JGR5812,NY,PAS,8893324611,2020-08-12,08:56A,REG. STICKER-EXPIRED/MISSING,NA,65,0,0,0,0,65,104,Queens,TRAFFIC,HEARING PENDING,View Summons (http://nycserv.nyc.gov/NYCServWeb/ShowImage?searchID=VDBSbk5VMTZUWGxPUkZsNFRWRTlQUT09&locationName=_____________________),Wednesday,2020,8,12,"581 Seneca Ave ,   , NY",40.7044348,-73.9102693
KDS7983,NY,PAS,8882864145,2020-10-08,10:16A,INSP. STICKER-EXPIRED/MISSING,NA,65,0,0,0,0,65,094,Brooklyn,TRAFFIC,HEARING PENDING,View Summons (http://nycserv.nyc.gov/NYCServWeb/ShowImage?searchID=VDBSbk5FMXFaekpPUkVVd1RsRTlQUT09&locationName=_____________________),Thursday,2020,10,8,"617 Humboldt St ,   , NY",40.7237062,-73.9453275
GGF4466,NY,PAS,8963033223,2020-09-13,01:04P,EXPIRED MUNI METER,NA,35,0,0,35,0,0,050,Bronx,TRAFFIC,HEARING HELD-NOT GUILTY,View Summons (http://nycserv.nyc.gov/NYCServWeb/ShowImage?searchID=VDBSck1rMTZRWHBOZWtsNVRYYzlQUT09&locationName=_____________________),Sunday,2020,9,13,"5243 Broadway ,   , NY",40.8756904,-73.9087642
JNN8468,NY,PAS,8974628077,2020-09-14,09:41A,NO PARKING-DAY/TIME LIMITS,NA,60,0,0,0,0,60,067,Brooklyn,TRAFFIC,HEARING HELD-GUILTY,View Summons (http://nycserv.nyc.gov/NYCServWeb/ShowImage?searchID=VDBSck0wNUVXWGxQUkVFelRuYzlQUT09&locationName=_____________________),Monday,2020,9,14,"2059 Bedford Ave ,   , NY",40.6544065,-73.9559811
KHN2373,NY,PAS,8978074613,2020-09-20,10:52A,NO PARKING-STREET CLEANING,NA,65,0,0,0,0,65,062,Brooklyn,TRAFFIC,HEARING PENDING,View Summons (http://nycserv.nyc.gov/NYCServWeb/ShowImage?searchID=VDBSck0wOUVRVE5PUkZsNFRYYzlQUT09&locationName=_____________________),Sunday,2020,9,20,"2172 E 7th St ,   , NY",40.597391,-73.9643041
JMK7822,NY,PAS,8834677511,2020-08-06,07:22A,NO MATCH-PLATE/STICKER,NA,65,0,0,0,0,65,050,Bronx,TRAFFIC,HEARING PENDING,View Summons (http://nycserv.nyc.gov/NYCServWeb/ShowImage?searchID=VDBSbmVrNUVXVE5PZWxWNFRWRTlQUT09&locationName=_____________________),Thursday,2020,8,6,"2757 Claflin Ave ,   , NY",40.8709361,-73.900649
JJZ2257,NY,PAS,8967173507,2020-10-13,01:12P,FRONT OR BACK PLATE MISSING,NA,65,0,0,0,0,65,046,Bronx,TRAFFIC,HEARING PENDING,View Summons (http://nycserv.nyc.gov/NYCServWeb/ShowImage?searchID=VDBSck1rNTZSVE5OZWxWM1RuYzlQUT09&locationName=_____________________),Tuesday,2020,10,13,"2205 Davidson Ave ,   , NY",40.8576505,-73.9057648
GCL5769,NY,PAS,8865643079,2020-09-14,03:16P,EXPIRED MUNI METER,NA,35,0,0,35,0,0,105,Queens,TRAFFIC,HEARING HELD-NOT GUILTY,View Summons (http://nycserv.nyc.gov/NYCServWeb/ShowImage?searchID=VDBSbk1rNVVXVEJOZWtFelQxRTlQUT09&locationName=_____________________),Monday,2020,9,14,"96-09 Springfield Blvd ,   , NY",40.7181594,-73.7350952
HAW4871,NY,PAS,1484287587,2020-07-29,07:52P,NO PARKING-DAY/TIME LIMITS,NA,65,0,0,65,0,0,019,Manhattan,POLICE DEPARTMENT,HEARING HELD-NOT GUILTY,View Summons (http://nycserv.nyc.gov/NYCServWeb/ShowImage?searchID=VFZSUk5FNUVTVFJPZWxVMFRuYzlQUT09&locationName=_____________________),Wednesday,2020,7,29,"419 E 93 ST ,   , NY",40.7811277,-73.9447764
KHK5235,NY,PAS,8928965573,2020-07-15,12:53P,NO STANDING-COMM METER ZONE,NA,115,0,0,115,0,0,014,Manhattan,TRAFFIC,HEARING HELD-NOT GUILTY,View Summons (http://nycserv.nyc.gov/NYCServWeb/ShowImage?searchID=VDBScmVVOUVhekpPVkZVelRYYzlQUT09&locationName=_____________________),Wednesday,2020,7,15,"237 W 35th St ,   , NY",40.7524014,-73.991336
JRB6615,NY,PAS,1485097861,2020-07-18,02:53P,NO PARKING-EXC. AUTH. VEHICLE,NA,60,0,0,60,0,0,052,Bronx,POLICE DEPARTMENT,HEARING HELD-NOT GUILTY,View Summons (http://nycserv.nyc.gov/NYCServWeb/ShowImage?searchID=VFZSUk5FNVVRVFZPZW1jeVRWRTlQUT09&locationName=_____________________),Saturday,2020,7,18,"266 E PUTNAM AVE ,   , NY",40.6839898,-73.9504755
JRS9580,NY,PAS,8955677777,2020-08-14,01:13A,FIRE HYDRANT,NA,115,0,0,0,0,115,005,Manhattan,TRAFFIC,HEARING PENDING,View Summons (http://nycserv.nyc.gov/NYCServWeb/ShowImage?searchID=VDBSck1VNVVXVE5PZW1NelRuYzlQUT09&locationName=_____________________),Friday,2020,8,14,"245 Bowery ,   , NY",40.7226062,-73.9927592
HZS9096,NY,PAS,8910224198,2020-10-19,05:43P,NO STANDING-COMM METER ZONE,NA,115,0,0,0,0,115,013,Manhattan,TRAFFIC,HEARING PENDING,View Summons (http://nycserv.nyc.gov/NYCServWeb/ShowImage?searchID=VDBScmVFMUVTWGxPUkVVMVQwRTlQUT09&locationName=_____________________),Monday,2020,10,19,"168 5th Ave ,   , NY",40.740817,-73.9905542
GRA5438,NY,PAS,8793735091,2020-10-06,08:38A,NO PARKING-STREET CLEANING,NA,65,0,0,0,0,65,072,Brooklyn,TRAFFIC,HEARING PENDING,View Summons (http://nycserv.nyc.gov/NYCServWeb/ShowImage?searchID=VDBSak5VMTZZM3BPVkVFMVRWRTlQUT09&locationName=_____________________),Tuesday,2020,10,6,"501 17th St ,   , NY",40.658164,-73.981653
KKB1754,NY,PAS,8945556011,2020-07-28,09:40A,FAIL TO DSPLY MUNI METER RECPT,NA,35,0,0,0,0,35,025,Manhattan,TRAFFIC,HEARING PENDING,View Summons (http://nycserv.nyc.gov/NYCServWeb/ShowImage?searchID=VDBSck1FNVVWVEZPYWtGNFRWRTlQUT09&locationName=_____________________),Tuesday,2020,7,28,"2032 5th Ave ,   , NY",40.8069024,-73.9422392
GVT7574,NY,PAS,8948885789,2020-09-11,08:24A,SAFETY ZONE,NA,115,0,0,0,0,115,028,Manhattan,TRAFFIC,HEARING PENDING,View Summons (http://nycserv.nyc.gov/NYCServWeb/ShowImage?searchID=VDBSck1FOUVaelJPVkdNMFQxRTlQUT09&locationName=_____________________),Friday,2020,9,11,"1940 Adam Clayton Powell ,   , NY",40.8041025,-73.9522541
HYA6345,NY,PAS,8945752766,2020-06-29,09:02A,FAIL TO DSPLY MUNI METER RECPT,NA,65,0,0,0,0,65,020,Manhattan,TRAFFIC,HEARING PENDING,View Summons (http://nycserv.nyc.gov/NYCServWeb/ShowImage?searchID=VDBSck1FNVVZekZOYW1NeVRtYzlQUT09&locationName=_____________________),Monday,2020,6,29,"110 West End Ave ,   , NY",40.7748695,-73.9877319
KFZ6516,NY,PAS,8967784466,2020-07-23,12:35P,FRONT OR BACK PLATE MISSING,NA,65,0,0,0,0,65,042,Bronx,TRAFFIC,HEARING PENDING,View Summons (http://nycserv.nyc.gov/NYCServWeb/ShowImage?searchID=VDBSck1rNTZZelJPUkZFeVRtYzlQUT09&locationName=_____________________),Thursday,2020,7,23,"1316 Boston Rd ,   , NY",40.8314892,-73.8994315
KPH1180,NY,PAS,8918593624,2020-09-07,08:57A,REG. STICKER-EXPIRED/MISSING,NA,65,0,0,0,0,65,009,Manhattan,TRAFFIC,HEARING PENDING,View Summons (http://nycserv.nyc.gov/NYCServWeb/ShowImage?searchID=VDBScmVFOUVWVFZOZWxsNVRrRTlQUT09&locationName=_____________________),Monday,2020,9,7,"13 E 3rd St ,   , NY",40.7261942,-73.990831
GNH2023,NY,PAS,2003442870,2020-10-09,10:04A,NO PARKING-STREET CLEANING,NA,65,0,0,0,65,0,049,Bronx,DEPARTMENT OF SANITATION,HEARING HELD-GUILTY,View Summons (http://nycserv.nyc.gov/NYCServWeb/ShowImage?searchID=VFdwQmQwMTZVVEJOYW1jelRVRTlQUT09&locationName=_____________________),Friday,2020,10,9,"1800 WARING AVENUE ,   , NY",40.8603477,-73.8338967
KGW6214,NY,PAS,8987198200,2020-07-26,08:21A,NO PARKING-DAY/TIME LIMITS,NA,60,0,0,0,60,0,090,Brooklyn,TRAFFIC,HEARING HELD-GUILTY,View Summons (http://nycserv.nyc.gov/NYCServWeb/ShowImage?searchID=VDBSck5FNTZSVFZQUkVsM1RVRTlQUT09&locationName=_____________________),Sunday,2020,7,26,"60 Broadway ,   , NY",40.70676,-74.0122102
FPJ8710,NY,PAS,8886904253,2020-08-20,11:45A,NO PARKING-STREET CLEANING,NA,65,0,0,65,0,0,079,Brooklyn,TRAFFIC,HEARING HELD-NOT GUILTY,View Summons (http://nycserv.nyc.gov/NYCServWeb/ShowImage?searchID=VDBSbk5FNXFhM2RPUkVreFRYYzlQUT09&locationName=_____________________),Thursday,2020,8,20,"352 Clifton Pl ,   , NY",40.6890339,-73.9502978
KDX7926,NY,PAS,8992249780,2020-10-05,04:08P,NO STANDING-DAY/TIME LIMITS,NA,115,0,0,0,115,0,077,Brooklyn,TRAFFIC,HEARING HELD-GUILTY,View Summons (http://nycserv.nyc.gov/NYCServWeb/ShowImage?searchID=VDBSck5VMXFTVEJQVkdNMFRVRTlQUT09&locationName=_____________________),Monday,2020,10,5,"1650 Eastern Pky ,   , NY",40.6717954,-73.913446
JPR7746,NY,PAS,8987926564,2020-07-21,10:27A,INSP. STICKER-EXPIRED/MISSING,NA,65,0,0,0,65,0,090,Brooklyn,TRAFFIC,HEARING HELD-GUILTY,View Summons (http://nycserv.nyc.gov/NYCServWeb/ShowImage?searchID=VDBSck5FNTZhM2xPYWxVeVRrRTlQUT09&locationName=_____________________),Tuesday,2020,7,21,"11 Ten Eyck St ,   , NY",40.7097547,-73.9503352
FZK4262,NY,PAS,8855416133,2020-10-19,04:07P,EXPIRED MUNI METER,NA,35,0,0,0,0,35,114,Queens,TRAFFIC,HEARING PENDING,View Summons (http://nycserv.nyc.gov/NYCServWeb/ShowImage?searchID=VDBSbk1VNVVVWGhPYWtWNlRYYzlQUT09&locationName=_____________________),Monday,2020,10,19,"28-13 Steinway St ,   , NY",40.7649583,-73.913738
DDJ1900,NY,PAS,4750512412,2020-09-29,12:30P,PHTO SCHOOL ZN SPEED VIOLATION,NA,50,0,0,50,0,0,000,Brooklyn,DEPARTMENT OF TRANSPORTATION,HEARING HELD-NOT GUILTY,View Summons (http://nycserv.nyc.gov/NYCServWeb/ShowImage?searchID=VGtSak1VMUVWWGhOYWxGNFRXYzlQUT09&locationName=_____________________),Tuesday,2020,9,29,"0 SB UTICA AVE @ AVE O ,   , NY",40.616626,-73.9265815
JMG4018,NY,PAS,8831972820,2020-09-04,02:04P,NO MATCH-PLATE/STICKER,NA,65,0,0,0,0,65,104,Queens,TRAFFIC,HEARING PENDING,View Summons (http://nycserv.nyc.gov/NYCServWeb/ShowImage?searchID=VDBSbmVrMVVhek5OYW1kNVRVRTlQUT09&locationName=_____________________),Friday,2020,9,4,"W 56th St ,  50ft S/of Grand Ave , NY",40.7666208,-73.9846895
KPU6236,NY,PAS,2002858718,2020-09-27,09:52A,NO PARKING-STREET CLEANING,NA,65,0,0,0,0,65,033,Manhattan,DEPARTMENT OF SANITATION,HEARING PENDING,View Summons (http://nycserv.nyc.gov/NYCServWeb/ShowImage?searchID=VFdwQmQwMXFaekZQUkdONFQwRTlQUT09&locationName=_____________________),Sunday,2020,9,27,"0 W/S of HARLEM RIVER ,  DRIVEWAY 500' S/O WE , NY",40.8323445,-73.9389491
KKN1135,NY,PAS,8843332053,2020-10-06,07:27A,NO STANDING-DAY/TIME LIMITS,NA,115,0,0,0,0,115,073,Brooklyn,TRAFFIC,HEARING PENDING,View Summons (http://nycserv.nyc.gov/NYCServWeb/ShowImage?searchID=VDBSbk1FMTZUWHBOYWtFeFRYYzlQUT09&locationName=_____________________),Tuesday,2020,10,6,"1700 Eastern Pky ,   , NY",40.6723753,-73.9123181
JNV6033,NY,PAS,8988119228,2020-07-13,08:51A,NO PARKING-STREET CLEANING,NA,65,0,0,0,0,65,079,Brooklyn,TRAFFIC,HEARING HELD-GUILTY,View Summons (http://nycserv.nyc.gov/NYCServWeb/ShowImage?searchID=VDBSck5FOUVSWGhQVkVsNVQwRTlQUT09&locationName=_____________________),Monday,2020,7,13,"263 Classon Ave ,   , NY",40.6919373,-73.9604572
KPY4268,NY,PAS,8977163808,2020-07-15,09:20A,NO PARKING-STREET CLEANING,NA,65,0,0,65,0,0,062,Brooklyn,TRAFFIC,HEARING HELD-NOT GUILTY,View Summons (http://nycserv.nyc.gov/NYCServWeb/ShowImage?searchID=VDBSck0wNTZSVEpOZW1kM1QwRTlQUT09&locationName=_____________________),Wednesday,2020,7,15,"E 68th St ,  70ft S/of 19th Ave , NY",40.7667038,-73.9613189
JJX8807,NY,PAS,8776837944,2020-09-29,03:44P,FAIL TO DSPLY MUNI METER RECPT,NA,35,0,0,0,0,35,110,Queens,TRAFFIC,HEARING HELD-GUILTY,View Summons (http://nycserv.nyc.gov/NYCServWeb/ShowImage?searchID=VDBSak0wNXFaM3BPZW1zd1RrRTlQUT09&locationName=_____________________),Tuesday,2020,9,29,"S 41st Ave ,  50ft W/of 79th St , NY",40.7732265,-73.9545057
JHA9732,NY,PAS,8967173570,2020-10-13,01:33P,NO MATCH-PLATE/STICKER,NA,65,0,0,0,0,65,046,Bronx,TRAFFIC,HEARING PENDING,View Summons (http://nycserv.nyc.gov/NYCServWeb/ShowImage?searchID=VDBSck1rNTZSVE5OZWxVelRVRTlQUT09&locationName=_____________________),Tuesday,2020,10,13,"N Evelyn Pl ,  30ft W/of Jerome Ave , NY",40.8593357,-73.9044935
JLU6948,NY,PAS,8889903107,2020-09-25,02:24P,REG. STICKER-EXPIRED/MISSING,NA,65,0,0,0,0,65,106,Queens,TRAFFIC,HEARING PENDING,View Summons (http://nycserv.nyc.gov/NYCServWeb/ShowImage?searchID=VDBSbk5FOVVhM2ROZWtWM1RuYzlQUT09&locationName=_____________________),Friday,2020,9,25,"103-11 114th St ,   , NY",40.6864531,-73.8287997
EPD2344,NY,PAS,8910143241,2020-09-18,11:04A,NO STANDING-EXC. AUTH. VEHICLE,NA,95,0,0,0,0,95,013,Manhattan,TRAFFIC,HEARING PENDING,View Summons (http://nycserv.nyc.gov/NYCServWeb/ShowImage?searchID=VDBScmVFMUVSVEJOZWtrd1RWRTlQUT09&locationName=_____________________),Friday,2020,9,18,"353 E 15th St ,   , NY",40.7322722,-73.9822202
GGJ3160,NY,PAS,4748005075,2020-09-09,07:10A,PHTO SCHOOL ZN SPEED VIOLATION,NA,50,0,0,0,50,0,000,Queens,DEPARTMENT OF TRANSPORTATION,HEARING HELD-GUILTY,View Summons (http://nycserv.nyc.gov/NYCServWeb/ShowImage?searchID=VGtSak1FOUVRWGRPVkVFelRsRTlQUT09&locationName=_____________________),Wednesday,2020,9,9,"0 NB 23RD AVE @ 212TH ,  ST , NY",40.7814134,-73.7781826
HFL8768,NY,PAS,4747360207,2020-09-03,11:24A,PHTO SCHOOL ZN SPEED VIOLATION,NA,50,0,0,0,0,50,000,Queens,DEPARTMENT OF TRANSPORTATION,HEARING PENDING,View Summons (http://nycserv.nyc.gov/NYCServWeb/ShowImage?searchID=VGtSak1FNTZUVEpOUkVsM1RuYzlQUT09&locationName=_____________________),Thursday,2020,9,3,"0 NB WOODHAVEN BLVD @ ,  UNION TPKE , NY",40.7055923,-73.8581498
HKK6725,NY,PAS,8845693417,2020-08-06,11:42A,NO PARKING-STREET CLEANING,NA,65,0,0,0,0,65,114,Queens,TRAFFIC,HEARING HELD-GUILTY,View Summons (http://nycserv.nyc.gov/NYCServWeb/ShowImage?searchID=VDBSbk1FNVVXVFZOZWxGNFRuYzlQUT09&locationName=_____________________),Thursday,2020,8,6,"30-76 30th St ,   , NY",40.7654941,-73.9239151
KHA9975,NY,PAS,8972273831,2020-08-04,07:01A,FIRE HYDRANT,NA,115,0,0,0,115,0,061,Brooklyn,TRAFFIC,HEARING HELD-GUILTY,View Summons (http://nycserv.nyc.gov/NYCServWeb/ShowImage?searchID=VDBSck0wMXFTVE5OZW1kNlRWRTlQUT09&locationName=_____________________),Tuesday,2020,8,4,"2475 E 22nd St ,   , NY",40.5911353,-73.9475932
HNY4185,NY,PAS,8949836099,2020-10-12,02:15P,FIRE HYDRANT,NA,115,0,0,0,0,115,028,Manhattan,TRAFFIC,HEARING PENDING,View Summons (http://nycserv.nyc.gov/NYCServWeb/ShowImage?searchID=VDBSck1FOVVaM3BPYWtFMVQxRTlQUT09&locationName=_____________________),Monday,2020,10,12,"118 W 120th St ,   , NY",40.8048655,-73.9489209
JLV6432,NY,PAS,8873613159,2020-09-27,09:15A,REG. STICKER-EXPIRED/MISSING,NA,65,0,0,65,0,0,114,Queens,TRAFFIC,HEARING HELD-NOT GUILTY,View Summons (http://nycserv.nyc.gov/NYCServWeb/ShowImage?searchID=VDBSbk0wMTZXWGhOZWtVeFQxRTlQUT09&locationName=_____________________),Sunday,2020,9,27,"31-05 21st Ave ,   , NY",40.7779298,-73.9080831
JEX2172,NY,PAS,4019132045,2020-09-01,10:50A,BUS LANE VIOLATION,NA,50,0,0,0,50,0,000,Queens,DEPARTMENT OF TRANSPORTATION,HEARING HELD-GUILTY,View Summons (http://nycserv.nyc.gov/NYCServWeb/ShowImage?searchID=VGtSQmVFOVVSWHBOYWtFd1RsRTlQUT09&locationName=_____________________),Tuesday,2020,9,1,"0 NB MAIN ST @ 39TH AV ,  E , NY",40.7602646,-73.8304856
HJH2833,NY,PAS,8945421129,2020-07-24,06:52A,SAFETY ZONE,NA,115,0,0,0,115,0,028,Manhattan,TRAFFIC,HEARING HELD-GUILTY,View Summons (http://nycserv.nyc.gov/NYCServWeb/ShowImage?searchID=VDBSck1FNVVVWGxOVkVWNVQxRTlQUT09&locationName=_____________________),Friday,2020,7,24,"41 W 112th St ,   , NY",40.7991277,-73.9499885
JPX1206,NY,PAS,8973270345,2020-08-12,11:07A,INSP. STICKER-EXPIRED/MISSING,NA,65,0,0,0,0,65,061,Brooklyn,TRAFFIC,HEARING PENDING,View Summons (http://nycserv.nyc.gov/NYCServWeb/ShowImage?searchID=VDBSck0wMTZTVE5OUkUwd1RsRTlQUT09&locationName=_____________________),Wednesday,2020,8,12,"1730 E 19th St ,   , NY",40.607915,-73.954524
JER7052,NY,PAS,8868428489,2020-10-05,02:34A,FIRE HYDRANT,NA,115,0,0,0,0,115,047,Bronx,TRAFFIC,HEARING PENDING,View Summons (http://nycserv.nyc.gov/NYCServWeb/ShowImage?searchID=VDBSbk1rOUVVWGxQUkZFMFQxRTlQUT09&locationName=_____________________),Monday,2020,10,5,"3989 Paulding Ave ,   , NY",40.885653,-73.851871
JBN7902,NY,PAS,8874068347,2020-09-07,06:02A,REG. STICKER-EXPIRED/MISSING,NA,65,0,0,0,0,65,042,Bronx,TRAFFIC,HEARING PENDING,View Summons (http://nycserv.nyc.gov/NYCServWeb/ShowImage?searchID=VDBSbk0wNUVRVEpQUkUwd1RuYzlQUT09&locationName=_____________________),Monday,2020,9,7,"S E 170th St ,  20ft W/of Washington , NY",47.4504459,-122.1388094
